{"identity":"CharacterGeneratorSettings","version":"2.0.0","gender":"male","patterns":{"body":"p01","face":"p02","fronthair":"p10","rearhair":"p20","ears":"p01","eyes":"p21","eyebrows":"p19","nose":"p11","mouth":"p05","tail":"","wing":"p05","clothing":"p21","cloak":"p04","glasses":"p05"},"colors":{"#F9C19D":20,"#2C80CB":10,"#FCCB0A":23,"#B892C5":6,"#009296":0,"#D3CEC7":18,"#AE8682":17,"#FE9D1E":2,"#1C76D0":5,"#D9A404":3,"#D8AC00":17,"#A30708":11,"#D3CEC2":0,"#DA346E":11,"#A4C911":12,"#C78407":0,"#C0D3D2":0,"#4155B6":6,"#BA3B45":0,"#999999":17,"#CCBAD2":0,"#607E4B":0,"#E6D6BD":10,"#A7D6D6":17},"offsets":{"face":{"x":0,"y":0},"fronthair":{"x":0,"y":0},"rearhair":{"x":0,"y":0},"beard":{"x":0,"y":0},"ears":{"x":0,"y":0},"eyes":{"x":0,"y":0},"eyebrows":{"x":0,"y":0},"nose":{"x":0,"y":0},"mouth":{"x":0,"y":0},"facialmark":{"x":0,"y":0},"beastears":{"x":0,"y":0},"tail":{"x":0,"y":0},"wing":{"x":0,"y":0},"clothing":{"x":0,"y":0},"cloak":{"x":0,"y":0},"acca":{"x":0,"y":0},"accb":{"x":0,"y":0},"glasses":{"x":0,"y":0}}}